breast.L|spine02|13654,13655,13656,13657,13658,13659,13660,13661|8451
breast.R|spine02|13654,13655,13656,13657,13658,13659,13660,13661|1779
clavicle.L|spine01|14054,14055,14056,14057,14058,14059,14060,14061|14062,14063,14064,14065,14066,14067,14068,14069
clavicle.R|spine01|14494,14495,14496,14497,14498,14499,14500,14501|14502,14503,14504,14505,14506,14507,14508,14509
eye.L|special05.L|13606,13607,13608,13609,13610,13611,13612,13613|14086,14087,14088,14089,14090,14091,14092,14093
eye.R|special05.R|13614,13615,13616,13617,13618,13619,13620,13621|14518,14519,14520,14521,14522,14523,14524,14525
finger1-1.L|wrist.L|14006,14007,14008,14009,14010,14011,14012,14013|13998,13999,14000,14001,14002,14003,14004,14005
finger1-1.R|wrist.R|14446,14447,14448,14449,14450,14451,14452,14453|14438,14439,14440,14441,14442,14443,14444,14445
finger1-2.L|finger1-1.L|13998,13999,14000,14001,14002,14003,14004,14005|13990,13991,13992,13993,13994,13995,13996,13997
finger1-2.R|finger1-1.R|14438,14439,14440,14441,14442,14443,14444,14445|14430,14431,14432,14433,14434,14435,14436,14437
finger1-3.L|finger1-2.L|13990,13991,13992,13993,13994,13995,13996,13997|13982,13983,13984,13985,13986,13987,13988,13989
finger1-3.R|finger1-2.R|14430,14431,14432,14433,14434,14435,14436,14437|14422,14423,14424,14425,14426,14427,14428,14429
finger2-1.L|metacarpal1.L|13974,13975,13976,13977,13978,13979,13980,13981|13918,13919,13920,13921,13922,13923,13924,13925
finger2-1.R|metacarpal1.R|14414,14415,14416,14417,14418,14419,14420,14421|14358,14359,14360,14361,14362,14363,14364,14365
finger2-2.L|finger2-1.L|13918,13919,13920,13921,13922,13923,13924,13925|13910,13911,13912,13913,13914,13915,13916,13917
finger2-2.R|finger2-1.R|14358,14359,14360,14361,14362,14363,14364,14365|14350,14351,14352,14353,14354,14355,14356,14357
finger2-3.L|finger2-2.L|13910,13911,13912,13913,13914,13915,13916,13917|13854,13855,13856,13857,13858,13859,13860,13861
finger2-3.R|finger2-2.R|14350,14351,14352,14353,14354,14355,14356,14357|14294,14295,14296,14297,14298,14299,14300,14301
finger3-1.L|metacarpal2.L|13966,13967,13968,13969,13970,13971,13972,13973|13926,13927,13928,13929,13930,13931,13932,13933
finger3-1.R|metacarpal2.R|14406,14407,14408,14409,14410,14411,14412,14413|14366,14367,14368,14369,14370,14371,14372,14373
finger3-2.L|finger3-1.L|13926,13927,13928,13929,13930,13931,13932,13933|13902,13903,13904,13905,13906,13907,13908,13909
finger3-2.R|finger3-1.R|14366,14367,14368,14369,14370,14371,14372,14373|14342,14343,14344,14345,14346,14347,14348,14349
finger3-3.L|finger3-2.L|13902,13903,13904,13905,13906,13907,13908,13909|13862,13863,13864,13865,13866,13867,13868,13869
finger3-3.R|finger3-2.R|14342,14343,14344,14345,14346,14347,14348,14349|14302,14303,14304,14305,14306,14307,14308,14309
finger4-1.L|metacarpal3.L|13958,13959,13960,13961,13962,13963,13964,13965|13934,13935,13936,13937,13938,13939,13940,13941
finger4-1.R|metacarpal3.R|14398,14399,14400,14401,14402,14403,14404,14405|14374,14375,14376,14377,14378,14379,14380,14381
finger4-2.L|finger4-1.L|13934,13935,13936,13937,13938,13939,13940,13941|13894,13895,13896,13897,13898,13899,13900,13901
finger4-2.R|finger4-1.R|14374,14375,14376,14377,14378,14379,14380,14381|14334,14335,14336,14337,14338,14339,14340,14341
finger4-3.L|finger4-2.L|13894,13895,13896,13897,13898,13899,13900,13901|13870,13871,13872,13873,13874,13875,13876,13877
finger4-3.R|finger4-2.R|14334,14335,14336,14337,14338,14339,14340,14341|14310,14311,14312,14313,14314,14315,14316,14317
finger5-1.L|metacarpal4.L|13950,13951,13952,13953,13954,13955,13956,13957|13942,13943,13944,13945,13946,13947,13948,13949
finger5-1.R|metacarpal4.R|14390,14391,14392,14393,14394,14395,14396,14397|14382,14383,14384,14385,14386,14387,14388,14389
finger5-2.L|finger5-1.L|13942,13943,13944,13945,13946,13947,13948,13949|13886,13887,13888,13889,13890,13891,13892,13893
finger5-2.R|finger5-1.R|14382,14383,14384,14385,14386,14387,14388,14389|14326,14327,14328,14329,14330,14331,14332,14333
finger5-3.L|finger5-2.L|13886,13887,13888,13889,13890,13891,13892,13893|13878,13879,13880,13881,13882,13883,13884,13885
finger5-3.R|finger5-2.R|14326,14327,14328,14329,14330,14331,14332,14333|14318,14319,14320,14321,14322,14323,14324,14325
foot.L|lowerleg02.L|13830,13831,13832,13833,13834,13835,13836,13837|13670,13671,13672,13673,13674,13675,13676,13677,13830,13831,13832,13833,13834,13835,13836,13837
foot.R|lowerleg02.R|14270,14271,14272,14273,14274,14275,14276,14277|14110,14111,14112,14113,14114,14115,14116,14117,14270,14271,14272,14273,14274,14275,14276,14277
head|neck03|14070,14071,14072,14073,14074,14075,14076,14077|14566,14567,14568,14569,14570,14571,14572,14573
jaw|head|14590,14591,14592,14593,14594,14595,14596,14597|991
levator02.L|head|11679|6960
levator02.R|head|5062|184
levator03.L|levator02.L|6960|11925
levator03.R|levator02.R|184|5321
levator04.L|levator03.L|11925|10407
levator04.R|levator03.R|5321|3739
levator05.L|levator04.L|10407|7159
levator05.R|levator04.R|3739|399
levator06.L|special03|7062|11685
levator06.R|special03|295|5069
lowerarm01.L|upperarm02.L|14038,14039,14040,14041,14042,14043,14044,14045|14038,14039,14040,14041,14042,14043,14044,14045,14030,14031,14032,14033,14034,14035,14036,14037
lowerarm01.R|upperarm02.R|14478,14479,14480,14481,14482,14483,14484,14485|14478,14479,14480,14481,14482,14483,14484,14485,14470,14471,14472,14473,14474,14475,14476,14477
lowerarm02.L|lowerarm01.L|14030,14031,14032,14033,14034,14035,14036,14037,14038,14039,14040,14041,14042,14043,14044,14045|14030,14031,14032,14033,14034,14035,14036,14037
lowerarm02.R|lowerarm01.R|14470,14471,14472,14473,14474,14475,14476,14477,14478,14479,14480,14481,14482,14483,14484,14485|14470,14471,14472,14473,14474,14475,14476,14477
lowerleg01.L|upperleg02.L|13838,13839,13840,13841,13842,13843,13844,13845|13838,13839,13840,13841,13842,13843,13844,13845,13830,13831,13832,13833,13834,13835,13836,13837
lowerleg01.R|upperleg02.R|14278,14279,14280,14281,14282,14283,14284,14285|14278,14279,14280,14281,14282,14283,14284,14285,14270,14271,14272,14273,14274,14275,14276,14277
lowerleg02.L|lowerleg01.L|13830,13831,13832,13833,13834,13835,13836,13837,13838,13839,13840,13841,13842,13843,13844,13845|13830,13831,13832,13833,13834,13835,13836,13837
lowerleg02.R|lowerleg01.R|14270,14271,14272,14273,14274,14275,14276,14277,14278,14279,14280,14281,14282,14283,14284,14285|14270,14271,14272,14273,14274,14275,14276,14277
metacarpal1.L|wrist.L|14014,14015,14016,14017,14018,14019,14020,14021|13974,13975,13976,13977,13978,13979,13980,13981
metacarpal1.R|wrist.R|14454,14455,14456,14457,14458,14459,14460,14461|14414,14415,14416,14417,14418,14419,14420,14421
metacarpal2.L|wrist.L|14014,14015,14016,14017,14018,14019,14020,14021|13966,13967,13968,13969,13970,13971,13972,13973
metacarpal2.R|wrist.R|14454,14455,14456,14457,14458,14459,14460,14461|14406,14407,14408,14409,14410,14411,14412,14413
metacarpal3.L|wrist.L|14022,14023,14024,14025,14026,14027,14028,14029|13958,13959,13960,13961,13962,13963,13964,13965
metacarpal3.R|wrist.R|14462,14463,14464,14465,14466,14467,14468,14469|14398,14399,14400,14401,14402,14403,14404,14405
metacarpal4.L|wrist.L|14022,14023,14024,14025,14026,14027,14028,14029|13950,13951,13952,13953,13954,13955,13956,13957
metacarpal4.R|wrist.R|14462,14463,14464,14465,14466,14467,14468,14469|14390,14391,14392,14393,14394,14395,14396,14397
neck01|spine01|14534,14535,14536,14537,14538,14539,14540,14541|754,756,818,819,820,821,824,825,826,827,831,832,7473,7475,7529,7530,7531,7532,7535,7536,7537,7538,7542,7543
neck02|neck01|754,756,818,819,820,821,824,825,826,827,831,832,7473,7475,7529,7530,7531,7532,7535,7536,7537,7538,7542,7543|748,750,817,818,823,824,829,885,886,887,992,1002,7467,7469,7528,7529,7534,7535,7540,7587,7588,7589,7686,7696
neck03|neck02|748,750,817,818,823,824,829,885,886,887,992,1002,7467,7469,7528,7529,7534,7535,7540,7587,7588,7589,7686,7696|14070,14071,14072,14073,14074,14075,14076,14077
oculi01.L|oculi02.L|6996|7006
oculi01.R|oculi02.R|222|233
oculi02.L|temporalis01.L|6986|6996
oculi02.R|temporalis01.R|211|222
orbicularis03.L|special05.L|13606,13607,13608,13609,13610,13611,13612,13613|14094,14095,14096,14097,14098,14099,14100,14101
orbicularis03.R|special05.R|13614,13615,13616,13617,13618,13619,13620,13621|14526,14527,14528,14529,14530,14531,14532,14533
orbicularis04.L|special05.L|13606,13607,13608,13609,13610,13611,13612,13613|14078,14079,14080,14081,14082,14083,14084,14085
orbicularis04.R|special05.R|13614,13615,13616,13617,13618,13619,13620,13621|14510,14511,14512,14513,14514,14515,14516,14517
oris01|oris02|491|494
oris02|special04|14542,14543,14544,14545,14546,14547,14548,14549|491
oris03.L|oris04.L|11965|7170
oris03.R|oris04.R|5363|410
oris04.L|special01|343|11965
oris04.R|special01|343|5363
oris05|oris06|5342|466
oris06|special01|343|5342
oris06.L|special04|14542,14543,14544,14545,14546,14547,14548,14549|7450
oris06.R|special04|14542,14543,14544,14545,14546,14547,14548,14549|728
oris07.L|oris06.L|7450|7166
oris07.R|oris06.R|728|406
pelvis.L|root|13622,13623,13624,13625,13626,13627,13628,13629|13846,13847,13848,13849,13850,13851,13852,13853
pelvis.R|root|13622,13623,13624,13625,13626,13627,13628,13629|14286,14287,14288,14289,14290,14291,14292,14293
risorius02.L|temporalis02.L|11704|11927
risorius02.R|temporalis02.R|5089|5323
risorius03.L|risorius02.L|11927|11819
risorius03.R|risorius02.R|5323|5208
root||4223|13622,13623,13624,13625,13626,13627,13628,13629
shoulder01.L|clavicle.L|14062,14063,14064,14065,14066,14067,14068,14069|14046,14047,14048,14049,14050,14051,14052,14053
shoulder01.R|clavicle.R|14502,14503,14504,14505,14506,14507,14508,14509|14486,14487,14488,14489,14490,14491,14492,14493
upperarm01.L|shoulder01.L|14046,14047,14048,14049,14050,14051,14052,14053|8092,8094,8107,8117,8128,8130,8300,8310,8311,8312,8320,8321,8324,8334,10426,10427
upperarm01.R|shoulder01.R|14486,14487,14488,14489,14490,14491,14492,14493|1404,1406,1419,1429,1440,1442,1628,1638,1639,1640,1648,1649,1652,1662,3759,3760
special01|head|5266|343
special03|head|14590,14591,14592,14593,14594,14595,14596,14597|5134
special04|jaw|991|14542,14543,14544,14545,14546,14547,14548,14549
special05.L|special06.L|7746|13606,13607,13608,13609,13610,13611,13612,13613
special05.R|special06.R|1054|13614,13615,13616,13617,13618,13619,13620,13621
special06.L|head|14566,14567,14568,14569,14570,14571,14572,14573|7746
special06.R|head|14566,14567,14568,14569,14570,14571,14572,14573|1054
spine01|spine02|13654,13655,13656,13657,13658,13659,13660,13661|14534,14535,14536,14537,14538,14539,14540,14541
spine02|spine03|13646,13647,13648,13649,13650,13651,13652,13653|13654,13655,13656,13657,13658,13659,13660,13661
spine03|spine04|13638,13639,13640,13641,13642,13643,13644,13645|13646,13647,13648,13649,13650,13651,13652,13653
spine04|spine05|13630,13631,13632,13633,13634,13635,13636,13637|13638,13639,13640,13641,13642,13643,13644,13645
spine05|root|13622,13623,13624,13625,13626,13627,13628,13629|13630,13631,13632,13633,13634,13635,13636,13637
temporalis01.L|head|10409|6986
temporalis01.R|head|3741|211
temporalis02.L|head|11797|11704
temporalis02.R|head|5185|5089
toe1-1.L|foot.L|13822,13823,13824,13825,13826,13827,13828,13829|13814,13815,13816,13817,13818,13819,13820,13821
toe1-1.R|foot.R|14262,14263,14264,14265,14266,14267,14268,14269|14254,14255,14256,14257,14258,14259,14260,14261
toe1-2.L|toe1-1.L|13814,13815,13816,13817,13818,13819,13820,13821|13806,13807,13808,13809,13810,13811,13812,13813
toe1-2.R|toe1-1.R|14254,14255,14256,14257,14258,14259,14260,14261|14246,14247,14248,14249,14250,14251,14252,14253
toe2-1.L|foot.L|13798,13799,13800,13801,13802,13803,13804,13805|13742,13743,13744,13745,13746,13747,13748,13749
toe2-1.R|foot.R|14238,14239,14240,14241,14242,14243,14244,14245|14182,14183,14184,14185,14186,14187,14188,14189
toe2-2.L|toe2-1.L|13742,13743,13744,13745,13746,13747,13748,13749|13734,13735,13736,13737,13738,13739,13740,13741
toe2-2.R|toe2-1.R|14182,14183,14184,14185,14186,14187,14188,14189|14174,14175,14176,14177,14178,14179,14180,14181
toe2-3.L|toe2-2.L|13734,13735,13736,13737,13738,13739,13740,13741|13726,13727,13728,13729,13730,13731,13732,13733
toe2-3.R|toe2-2.R|14174,14175,14176,14177,14178,14179,14180,14181|14166,14167,14168,14169,14170,14171,14172,14173
toe3-1.L|foot.L|13790,13791,13792,13793,13794,13795,13796,13797|13750,13751,13752,13753,13754,13755,13756,13757
toe3-1.R|foot.R|14230,14231,14232,14233,14234,14235,14236,14237|14190,14191,14192,14193,14194,14195,14196,14197
toe3-2.L|toe3-1.L|13750,13751,13752,13753,13754,13755,13756,13757|13710,13711,13712,13713,13714,13715,13716,13717
toe3-2.R|toe3-1.R|14190,14191,14192,14193,14194,14195,14196,14197|14150,14151,14152,14153,14154,14155,14156,14157
toe3-3.L|toe3-2.L|13710,13711,13712,13713,13714,13715,13716,13717|13718,13719,13720,13721,13722,13723,13724,13725
toe3-3.R|toe3-2.R|14150,14151,14152,14153,14154,14155,14156,14157|14158,14159,14160,14161,14162,14163,14164,14165
toe4-1.L|foot.L|13782,13783,13784,13785,13786,13787,13788,13789|13758,13759,13760,13761,13762,13763,13764,13765
toe4-1.R|foot.R|14222,14223,14224,14225,14226,14227,14228,14229|14198,14199,14200,14201,14202,14203,14204,14205
toe4-2.L|toe4-1.L|13758,13759,13760,13761,13762,13763,13764,13765|13694,13695,13696,13697,13698,13699,13700,13701
toe4-2.R|toe4-1.R|14198,14199,14200,14201,14202,14203,14204,14205|14134,14135,14136,14137,14138,14139,14140,14141
toe4-3.L|toe4-2.L|13694,13695,13696,13697,13698,13699,13700,13701|13702,13703,13704,13705,13706,13707,13708,13709
toe4-3.R|toe4-2.R|14134,14135,14136,14137,14138,14139,14140,14141|14142,14143,14144,14145,14146,14147,14148,14149
toe5-1.L|foot.L|13774,13775,13776,13777,13778,13779,13780,13781|13766,13767,13768,13769,13770,13771,13772,13773
toe5-1.R|foot.R|14214,14215,14216,14217,14218,14219,14220,14221|14206,14207,14208,14209,14210,14211,14212,14213
toe5-2.L|toe5-1.L|13766,13767,13768,13769,13770,13771,13772,13773|13678,13679,13680,13681,13682,13683,13684,13685
toe5-2.R|toe5-1.R|14206,14207,14208,14209,14210,14211,14212,14213|14118,14119,14120,14121,14122,14123,14124,14125
toe5-3.L|toe5-2.L|13678,13679,13680,13681,13682,13683,13684,13685|13686,13687,13688,13689,13690,13691,13692,13693
toe5-3.R|toe5-2.R|14118,14119,14120,14121,14122,14123,14124,14125|14126,14127,14128,14129,14130,14131,14132,14133
tongue00|jaw|991|14582,14583,14584,14585,14586,14587,14588,14589
tongue01|tongue00|14582,14583,14584,14585,14586,14587,14588,14589|14574,14575,14576,14577,14578,14579,14580,14581
tongue02|tongue01|14574,14575,14576,14577,14578,14579,14580,14581|14558,14559,14560,14561,14562,14563,14564,14565
tongue03|tongue02|14558,14559,14560,14561,14562,14563,14564,14565|14558,14559,14560,14561,14562,14563,14564,14565,14550,14551,14552,14553,14554,14555,14556,14557
tongue04|tongue03|14550,14551,14552,14553,14554,14555,14556,14557,14558,14559,14560,14561,14562,14563,14564,14565|14550,14551,14552,14553,14554,14555,14556,14557
tongue05.L|tongue01|14574,14575,14576,14577,14578,14579,14580,14581|13535
tongue05.R|tongue01|14574,14575,14576,14577,14578,14579,14580,14581|13435
tongue06.L|tongue02|14558,14559,14560,14561,14562,14563,14564,14565|13527
tongue06.R|tongue02|14558,14559,14560,14561,14562,14563,14564,14565|13427
tongue07.L|tongue03|14558,14559,14560,14561,14562,14563,14564,14565,14550,14551,14552,14553,14554,14555,14556,14557|13564
tongue07.R|tongue03|14558,14559,14560,14561,14562,14563,14564,14565,14550,14551,14552,14553,14554,14555,14556,14557|13464
upperarm02.L|upperarm01.L|8092,8094,8107,8117,8128,8130,8300,8310,8311,8312,8320,8321,8324,8334,10426,10427|14038,14039,14040,14041,14042,14043,14044,14045
upperarm02.R|upperarm01.R|1404,1406,1419,1429,1440,1442,1628,1638,1639,1640,1648,1649,1652,1662,3759,3760|14478,14479,14480,14481,14482,14483,14484,14485
upperleg01.L|pelvis.L|13846,13847,13848,13849,13850,13851,13852,13853|10891,10938,11025,12991
upperleg01.R|pelvis.R|14286,14287,14288,14289,14290,14291,14292,14293|4260,4308,4407,6394
upperleg02.L|upperleg01.L|10891,10938,11025,12991|13838,13839,13840,13841,13842,13843,13844,13845
upperleg02.R|upperleg01.R|4260,4308,4407,6394|14278,14279,14280,14281,14282,14283,14284,14285
wrist.L|lowerarm02.L|14030,14031,14032,14033,14034,14035,14036,14037|14014,14015,14016,14017,14018,14019,14020,14021
wrist.R|lowerarm02.R|14470,14471,14472,14473,14474,14475,14476,14477|14454,14455,14456,14457,14458,14459,14460,14461
